Track,Region,Country/Race,Date
Autódromo José Carlos Pace,Brazil,Brazil,"<span class=""full-date"">27 Mar 1994</span>"
TI Circuit Aida,Japan,Pacific,"<span class=""full-date"">17 Apr 1994</span>"
Autodromo Enzo e Dino Ferrari,San Marino,San Marino,"<span class=""full-date"">01 May 1994</span>"
Circuit de Monaco,Monaco,Monaco,"<span class=""full-date"">15 May 1994</span>"
Circuit de Catalunya,Spain,Spain,"<span class=""full-date"">29 May 1994</span>"
Circuit Gilles-Villeneuve,Canada,Canada,"<span class=""full-date"">12 Jun 1994</span>"
Circuit de Nevers Magny-Cours,France,France,"<span class=""full-date"">03 Jul 1994</span>"
Silverstone Circuit,Great Britain,Great Britain,"<span class=""full-date"">10 Jul 1994</span>"
Hockenheimring,Germany,Germany,"<span class=""full-date"">31 Jul 1994</span>"
Hungaroring,Hungary,Hungary,"<span class=""full-date"">14 Aug 1994</span>"
Circuit de Spa-Francorchamps,Belgium,Belgium,"<span class=""full-date"">28 Aug 1994</span>"
Autodromo Nazionale Monza,Italy,Italy,"<span class=""full-date"">11 Sep 1994</span>"
Autódromo do Estoril,Portugal,Portugal,"<span class=""full-date"">25 Sep 1994</span>"
Circuito Permanente de Jerez,Spain,Europe,"<span class=""full-date"">16 Oct 1994</span>"
Suzuka International Racing Course,Japan,Japan,"<span class=""full-date"">06 Nov 1994</span>"
Adelaide Street Circuit,Australia,Australia,"<span class=""full-date"">13 Nov 1994</span>"
